{
  "last_updated": "2025-11-25T17:30:00",
  "sources": {
    "stepsecurity": "https://www.stepsecurity.io/blog/ctrl-tinycolor-and-40-npm-packages-compromised",
    "semgrep": "https://semgrep.dev/blog/2025/security-advisory-npm-packages-using-secret-scanning-tools-to-steal-credentials/",
    "jfrog": "https://jfrog.com/blog/shai-hulud-npm-supply-chain-attack-new-compromised-packages-detected/",
    "socket_dev": "https://socket.dev/blog/ongoing-supply-chain-attack-targets-crowdstrike-npm-packages",
    "wiz": "https://www.wiz.io/blog/shai-hulud-npm-supply-chain-attack"
  },
  "packages": {
    "@ctrl/tinycolor": {
      "source": "stepsecurity",
      "versions": ["4.1.1", "4.1.2"],
      "first_seen": "2025-09-15T00:00:00",
      "notes": "Primary target, 2M+ weekly downloads, self-replicating worm"
    },
    "@ctrl/deluge": {
      "source": "jfrog",
      "versions": ["7.2.1", "7.2.2"],
      "first_seen": "2025-09-15T00:00:00"
    },
    "@ctrl/golang-template": {
      "source": "jfrog",
      "versions": ["1.4.2", "1.4.3"],
      "first_seen": "2025-09-15T00:00:00"
    },
    "@ctrl/magnet-link": {
      "source": "jfrog",
      "versions": ["4.0.3", "4.0.4"],
      "first_seen": "2025-09-15T00:00:00"
    },
    "@ctrl/ngx-codemirror": {
      "source": "jfrog",
      "versions": ["7.0.1", "7.0.2"],
      "first_seen": "2025-09-15T00:00:00"
    },
    "@ctrl/ngx-csv": {
      "source": "jfrog",
      "versions": ["6.0.1", "6.0.2"],
      "first_seen": "2025-09-15T00:00:00"
    },
    "@ctrl/ngx-emoji-mart": {
      "source": "jfrog",
      "versions": ["9.2.1", "9.2.2"],
      "first_seen": "2025-09-15T00:00:00"
    },
    "@ctrl/ngx-rightclick": {
      "source": "jfrog",
      "versions": ["4.0.1", "4.0.2"],
      "first_seen": "2025-09-15T00:00:00"
    },
    "@ctrl/qbittorrent": {
      "source": "jfrog",
      "versions": ["9.7.1", "9.7.2"],
      "first_seen": "2025-09-15T00:00:00"
    },
    "@ctrl/react-adsense": {
      "source": "jfrog",
      "versions": ["2.0.1", "2.0.2"],
      "first_seen": "2025-09-15T00:00:00"
    },
    "@ctrl/shared-torrent": {
      "source": "jfrog",
      "versions": ["6.3.1", "6.3.2"],
      "first_seen": "2025-09-15T00:00:00"
    },
    "@ctrl/torrent-file": {
      "source": "jfrog",
      "versions": ["4.1.1", "4.1.2"],
      "first_seen": "2025-09-15T00:00:00"
    },
    "@ctrl/transmission": {
      "source": "jfrog",
      "versions": ["7.3.1"],
      "first_seen": "2025-09-15T00:00:00"
    },
    "@ctrl/ts-base32": {
      "source": "jfrog",
      "versions": ["4.0.1", "4.0.2"],
      "first_seen": "2025-09-15T00:00:00"
    },
    "angulartics2": {
      "source": "jfrog",
      "versions": ["14.1.1", "14.1.2"],
      "first_seen": "2025-09-15T00:00:00"
    },
    "encounter-playground": {
      "source": "jfrog",
      "versions": ["0.0.2", "0.0.3", "0.0.4", "0.0.5"],
      "first_seen": "2025-09-15T00:00:00"
    },
    "json-rules-engine-simplified": {
      "source": "jfrog",
      "versions": ["0.2.1", "0.2.2", "0.2.3", "0.2.4"],
      "first_seen": "2025-09-15T00:00:00"
    },
    "koa2-swagger-ui": {
      "source": "jfrog",
      "versions": ["5.11.1", "5.11.2"],
      "first_seen": "2025-09-15T00:00:00"
    },
    "@nativescript-community/gesturehandler": {
      "source": "jfrog",
      "versions": ["2.0.35"],
      "first_seen": "2025-09-15T00:00:00"
    },
    "@nativescript-community/sentry": {
      "source": "jfrog",
      "versions": ["4.6.43"],
      "first_seen": "2025-09-15T00:00:00"
    },
    "@nativescript-community/text": {
      "source": "jfrog",
      "versions": ["1.6.9", "1.6.10", "1.6.11", "1.6.12", "1.6.13"],
      "first_seen": "2025-09-15T00:00:00"
    },
    "@nativescript-community/ui-collectionview": {
      "source": "jfrog",
      "versions": ["6.0.6"],
      "first_seen": "2025-09-15T00:00:00"
    },
    "@nativescript-community/ui-drawer": {
      "source": "jfrog",
      "versions": ["0.1.30"],
      "first_seen": "2025-09-15T00:00:00"
    },
    "@nativescript-community/ui-image": {
      "source": "jfrog",
      "versions": ["4.5.6"],
      "first_seen": "2025-09-15T00:00:00"
    },
    "@nativescript-community/ui-material-bottomsheet": {
      "source": "jfrog",
      "versions": ["7.2.72"],
      "first_seen": "2025-09-15T00:00:00"
    },
    "@nativescript-community/ui-material-core": {
      "source": "jfrog",
      "versions": ["7.2.72", "7.2.73", "7.2.74", "7.2.75", "7.2.76"],
      "first_seen": "2025-09-15T00:00:00"
    },
    "@nativescript-community/ui-material-core-tabs": {
      "source": "jfrog",
      "versions": ["7.2.72", "7.2.73", "7.2.74", "7.2.75", "7.2.76"],
      "first_seen": "2025-09-15T00:00:00"
    },
    "ngx-color": {
      "source": "jfrog",
      "versions": ["10.0.1", "10.0.2"],
      "first_seen": "2025-09-15T00:00:00"
    },
    "ngx-toastr": {
      "source": "jfrog",
      "versions": ["19.0.1", "19.0.2"],
      "first_seen": "2025-09-15T00:00:00"
    },
    "ngx-trend": {
      "source": "jfrog",
      "versions": ["8.0.1"],
      "first_seen": "2025-09-15T00:00:00"
    },
    "react-complaint-image": {
      "source": "jfrog",
      "versions": ["0.0.32", "0.0.33", "0.0.34", "0.0.35"],
      "first_seen": "2025-09-15T00:00:00"
    },
    "react-jsonschema-form-conditionals": {
      "source": "jfrog",
      "versions": ["0.3.18", "0.3.19", "0.3.20", "0.3.21"],
      "first_seen": "2025-09-15T00:00:00"
    },
    "react-jsonschema-form-extras": {
      "source": "jfrog",
      "versions": ["1.0.1", "1.0.2", "1.0.3", "1.0.4"],
      "first_seen": "2025-09-15T00:00:00"
    },
    "rxnt-authentication": {
      "source": "jfrog",
      "versions": ["0.0.3", "0.0.4", "0.0.5", "0.0.6"],
      "first_seen": "2025-09-15T00:00:00"
    },
    "rxnt-healthchecks-nestjs": {
      "source": "jfrog",
      "versions": ["1.0.2", "1.0.3", "1.0.4", "1.0.5"],
      "first_seen": "2025-09-15T00:00:00"
    },
    "rxnt-kue": {
      "source": "jfrog",
      "versions": ["1.0.4", "1.0.5", "1.0.6", "1.0.7"],
      "first_seen": "2025-09-15T00:00:00"
    },
    "swc-plugin-component-annotate": {
      "source": "jfrog",
      "versions": ["1.9.1", "1.9.2"],
      "first_seen": "2025-09-15T00:00:00"
    },
    "ts-gaussian": {
      "source": "jfrog",
      "versions": ["3.0.5", "3.0.6"],
      "first_seen": "2025-09-15T00:00:00"
    },
    "@ahmedhfarag/ngx-perfect-scrollbar": {
      "source": "jfrog",
      "versions": ["20.0.20"],
      "first_seen": "2025-09-15T00:00:00"
    },
    "@ahmedhfarag/ngx-virtual-scroller": {
      "source": "jfrog",
      "versions": ["4.0.4"],
      "first_seen": "2025-09-15T00:00:00"
    },
    "@art-ws/common": {
      "source": "jfrog",
      "versions": ["2.0.22", "2.0.28"],
      "first_seen": "2025-09-15T00:00:00"
    },
    "@art-ws/config-eslint": {
      "source": "jfrog",
      "versions": ["2.0.4", "2.0.5"],
      "first_seen": "2025-09-15T00:00:00"
    },
    "@art-ws/config-ts": {
      "source": "jfrog",
      "versions": ["2.0.7", "2.0.8"],
      "first_seen": "2025-09-15T00:00:00"
    },
    "@art-ws/db-context": {
      "source": "jfrog",
      "versions": ["2.0.21", "2.0.24"],
      "first_seen": "2025-09-15T00:00:00"
    },
    "@art-ws/di": {
      "source": "jfrog",
      "versions": ["2.0.28", "2.0.32"],
      "first_seen": "2025-09-15T00:00:00"
    },
    "@art-ws/di-node": {
      "source": "jfrog",
      "versions": ["2.0.13"],
      "first_seen": "2025-09-15T00:00:00"
    },
    "@art-ws/eslint": {
      "source": "jfrog",
      "versions": ["1.0.5", "1.0.6"],
      "first_seen": "2025-09-15T00:00:00"
    },
    "@art-ws/fastify-http-server": {
      "source": "jfrog",
      "versions": ["2.0.24", "2.0.27"],
      "first_seen": "2025-09-15T00:00:00"
    },
    "@art-ws/http-server": {
      "source": "jfrog",
      "versions": ["2.0.21", "2.0.25"],
      "first_seen": "2025-09-15T00:00:00"
    },
    "@art-ws/openapi": {
      "source": "jfrog",
      "versions": ["0.1.9", "0.1.12"],
      "first_seen": "2025-09-15T00:00:00"
    },
    "@art-ws/package-base": {
      "source": "jfrog",
      "versions": ["1.0.5", "1.0.6"],
      "first_seen": "2025-09-15T00:00:00"
    },
    "@art-ws/prettier": {
      "source": "jfrog",
      "versions": ["1.0.5", "1.0.6"],
      "first_seen": "2025-09-15T00:00:00"
    },
    "@art-ws/slf": {
      "source": "jfrog",
      "versions": ["2.0.15", "2.0.22"],
      "first_seen": "2025-09-15T00:00:00"
    },
    "@art-ws/ssl-info": {
      "source": "jfrog",
      "versions": ["1.0.9", "1.0.10"],
      "first_seen": "2025-09-15T00:00:00"
    },
    "@art-ws/web-app": {
      "source": "jfrog",
      "versions": ["1.0.3", "1.0.4"],
      "first_seen": "2025-09-15T00:00:00"
    },
    "@basic-ui-components-stc/basic-ui-components": {
      "source": "jfrog",
      "versions": ["1.0.5"],
      "first_seen": "2025-09-15T00:00:00"
    },
    "@crowdstrike/commitlint": {
      "source": "jfrog",
      "versions": ["8.1.1", "8.1.2"],
      "first_seen": "2025-09-15T00:00:00"
    },
    "@crowdstrike/falcon-shoelace": {
      "source": "jfrog",
      "versions": ["0.4.1", "0.4.2"],
      "first_seen": "2025-09-15T00:00:00"
    },
    "@crowdstrike/foundry-js": {
      "source": "jfrog",
      "versions": ["0.19.1", "0.19.2"],
      "first_seen": "2025-09-15T00:00:00"
    },
    "@crowdstrike/glide-core": {
      "source": "jfrog",
      "versions": ["0.34.2", "0.34.3"],
      "first_seen": "2025-09-15T00:00:00"
    },
    "@crowdstrike/logscale-dashboard": {
      "source": "jfrog",
      "versions": ["1.205.1", "1.205.2"],
      "first_seen": "2025-09-15T00:00:00"
    },
    "@crowdstrike/logscale-file-editor": {
      "source": "jfrog",
      "versions": ["1.205.1", "1.205.2"],
      "first_seen": "2025-09-15T00:00:00"
    },
    "@crowdstrike/logscale-parser-edit": {
      "source": "jfrog",
      "versions": ["1.205.1", "1.205.2"],
      "first_seen": "2025-09-15T00:00:00"
    },
    "@crowdstrike/logscale-search": {
      "source": "jfrog",
      "versions": ["1.205.1", "1.205.2"],
      "first_seen": "2025-09-15T00:00:00"
    },
    "@crowdstrike/tailwind-toucan-base": {
      "source": "jfrog",
      "versions": ["5.0.1", "5.0.2"],
      "first_seen": "2025-09-15T00:00:00"
    },
    "@hestjs/core": {
      "source": "jfrog",
      "versions": ["0.2.1"],
      "first_seen": "2025-09-15T00:00:00"
    },
    "@hestjs/cqrs": {
      "source": "jfrog",
      "versions": ["0.1.6"],
      "first_seen": "2025-09-15T00:00:00"
    },
    "@hestjs/demo": {
      "source": "jfrog",
      "versions": ["0.1.2"],
      "first_seen": "2025-09-15T00:00:00"
    },
    "@hestjs/eslint-config": {
      "source": "jfrog",
      "versions": ["0.1.2"],
      "first_seen": "2025-09-15T00:00:00"
    },
    "@hestjs/logger": {
      "source": "jfrog",
      "versions": ["0.1.6"],
      "first_seen": "2025-09-15T00:00:00"
    },
    "@hestjs/scalar": {
      "source": "jfrog",
      "versions": ["0.1.7"],
      "first_seen": "2025-09-15T00:00:00"
    },
    "@hestjs/validation": {
      "source": "jfrog",
      "versions": ["0.1.6"],
      "first_seen": "2025-09-15T00:00:00"
    },
    "@nativescript-community/arraybuffers": {
      "source": "jfrog",
      "versions": ["1.1.6", "1.1.7", "1.1.8"],
      "first_seen": "2025-09-15T00:00:00"
    },
    "@nativescript-community/perms": {
      "source": "jfrog",
      "versions": ["3.0.5", "3.0.6", "3.0.7", "3.0.8", "3.0.9"],
      "first_seen": "2025-09-15T00:00:00"
    },
    "@nativescript-community/sqlite": {
      "source": "jfrog",
      "versions": ["3.5.3", "3.5.4", "3.5.5"],
      "first_seen": "2025-09-15T00:00:00"
    },
    "@nativescript-community/typeorm": {
      "source": "jfrog",
      "versions": ["0.2.30", "0.2.31", "0.2.32", "0.2.33"],
      "first_seen": "2025-09-15T00:00:00"
    },
    "@nativescript-community/ui-document-picker": {
      "source": "jfrog",
      "versions": ["1.1.27", "1.1.28"],
      "first_seen": "2025-09-15T00:00:00"
    },
    "@nativescript-community/ui-label": {
      "source": "jfrog",
      "versions": ["1.3.35", "1.3.36", "1.3.37"],
      "first_seen": "2025-09-15T00:00:00"
    },
    "@nativescript-community/ui-material-bottom-navigation": {
      "source": "jfrog",
      "versions": ["7.2.72", "7.2.73", "7.2.74", "7.2.75"],
      "first_seen": "2025-09-15T00:00:00"
    },
    "@nativescript-community/ui-material-ripple": {
      "source": "jfrog",
      "versions": ["7.2.72", "7.2.73", "7.2.74", "7.2.75"],
      "first_seen": "2025-09-15T00:00:00"
    },
    "@nativescript-community/ui-material-tabs": {
      "source": "jfrog",
      "versions": ["7.2.72", "7.2.73", "7.2.74", "7.2.75"],
      "first_seen": "2025-09-15T00:00:00"
    },
    "@nativescript-community/ui-pager": {
      "source": "jfrog",
      "versions": ["14.1.35", "14.1.36", "14.1.37", "14.1.38"],
      "first_seen": "2025-09-15T00:00:00"
    },
    "@nativescript-community/ui-pulltorefresh": {
      "source": "jfrog",
      "versions": ["2.5.4", "2.5.5", "2.5.6", "2.5.7"],
      "first_seen": "2025-09-15T00:00:00"
    },
    "@nexe/config-manager": {
      "source": "jfrog",
      "versions": ["0.1.1"],
      "first_seen": "2025-09-15T00:00:00"
    },
    "@nexe/eslint-config": {
      "source": "jfrog",
      "versions": ["0.1.1"],
      "first_seen": "2025-09-15T00:00:00"
    },
    "@nexe/logger": {
      "source": "jfrog",
      "versions": ["0.1.3"],
      "first_seen": "2025-09-15T00:00:00"
    },
    "@nstudio/angular": {
      "source": "jfrog",
      "versions": ["20.0.4", "20.0.5", "20.0.6"],
      "first_seen": "2025-09-15T00:00:00"
    },
    "@nstudio/focus": {
      "source": "jfrog",
      "versions": ["20.0.4", "20.0.5", "20.0.6"],
      "first_seen": "2025-09-15T00:00:00"
    },
    "@nstudio/nativescript-checkbox": {
      "source": "jfrog",
      "versions": ["2.0.6", "2.0.7", "2.0.8", "2.0.9"],
      "first_seen": "2025-09-15T00:00:00"
    },
    "@nstudio/nativescript-loading-indicator": {
      "source": "jfrog",
      "versions": ["5.0.1", "5.0.2", "5.0.3", "5.0.4"],
      "first_seen": "2025-09-15T00:00:00"
    },
    "@nstudio/ui-collectionview": {
      "source": "jfrog",
      "versions": ["5.1.11", "5.1.12", "5.1.13", "5.1.14"],
      "first_seen": "2025-09-15T00:00:00"
    },
    "@nstudio/web": {
      "source": "jfrog",
      "versions": ["20.0.4"],
      "first_seen": "2025-09-15T00:00:00"
    },
    "@nstudio/web-angular": {
      "source": "jfrog",
      "versions": ["20.0.4"],
      "first_seen": "2025-09-15T00:00:00"
    },
    "@nstudio/xplat": {
      "source": "jfrog",
      "versions": ["20.0.4", "20.0.5", "20.0.6", "20.0.7"],
      "first_seen": "2025-09-15T00:00:00"
    },
    "@nstudio/xplat-utils": {
      "source": "jfrog",
      "versions": ["20.0.4", "20.0.5", "20.0.6", "20.0.7"],
      "first_seen": "2025-09-15T00:00:00"
    },
    "@operato/board": {
      "source": "jfrog",
      "versions": ["9.0.35", "9.0.36", "9.0.37", "9.0.38", "9.0.39", "9.0.40", "9.0.41", "9.0.42", "9.0.43", "9.0.44", "9.0.45", "9.0.46", "9.0.47", "9.0.48", "9.0.49", "9.0.50", "9.0.51"],
      "first_seen": "2025-09-15T00:00:00"
    },
    "@operato/data-grist": {
      "source": "jfrog",
      "versions": ["9.0.29", "9.0.35", "9.0.36", "9.0.37"],
      "first_seen": "2025-09-15T00:00:00"
    },
    "@operato/graphql": {
      "source": "jfrog",
      "versions": ["9.0.22", "9.0.35", "9.0.36", "9.0.37", "9.0.38", "9.0.39", "9.0.40", "9.0.41", "9.0.42", "9.0.43", "9.0.44", "9.0.45", "9.0.46", "9.0.47", "9.0.48", "9.0.49", "9.0.50", "9.0.51"],
      "first_seen": "2025-09-15T00:00:00"
    },
    "@operato/headroom": {
      "source": "jfrog",
      "versions": ["9.0.2", "9.0.35", "9.0.36", "9.0.37"],
      "first_seen": "2025-09-15T00:00:00"
    },
    "@operato/help": {
      "source": "jfrog",
      "versions": ["9.0.35", "9.0.36", "9.0.37", "9.0.38", "9.0.39", "9.0.40", "9.0.41", "9.0.42", "9.0.43", "9.0.44", "9.0.45", "9.0.46", "9.0.47", "9.0.48", "9.0.49", "9.0.50", "9.0.51"],
      "first_seen": "2025-09-15T00:00:00"
    },
    "@operato/i18n": {
      "source": "jfrog",
      "versions": ["9.0.35", "9.0.36", "9.0.37"],
      "first_seen": "2025-09-15T00:00:00"
    },
    "@operato/input": {
      "source": "jfrog",
      "versions": ["9.0.35", "9.0.36", "9.0.37", "9.0.38", "9.0.39", "9.0.40", "9.0.41", "9.0.42", "9.0.43", "9.0.44", "9.0.45", "9.0.46", "9.0.47", "9.0.48"],
      "first_seen": "2025-09-15T00:00:00"
    },
    "@operato/layout": {
      "source": "jfrog",
      "versions": ["9.0.35", "9.0.37"],
      "first_seen": "2025-09-15T00:00:00"
    },
    "@operato/popup": {
      "source": "jfrog",
      "versions": ["9.0.35", "9.0.36", "9.0.37", "9.0.38", "9.0.39", "9.0.40", "9.0.41", "9.0.42", "9.0.43", "9.0.44", "9.0.45", "9.0.46", "9.0.47", "9.0.48", "9.0.49", "9.0.50", "9.0.51"],
      "first_seen": "2025-09-15T00:00:00"
    },
    "@operato/pull-to-refresh": {
      "source": "jfrog",
      "versions": ["9.0.35", "9.0.36", "9.0.37", "9.0.38", "9.0.39", "9.0.40", "9.0.41", "9.0.42", "9.0.43", "9.0.44", "9.0.45", "9.0.46", "9.0.47"],
      "first_seen": "2025-09-15T00:00:00"
    },
    "@operato/shell": {
      "source": "jfrog",
      "versions": ["9.0.22", "9.0.35", "9.0.36", "9.0.37", "9.0.38", "9.0.39"],
      "first_seen": "2025-09-15T00:00:00"
    },
    "@operato/styles": {
      "source": "jfrog",
      "versions": ["9.0.2", "9.0.35", "9.0.36", "9.0.37"],
      "first_seen": "2025-09-15T00:00:00"
    },
    "@operato/utils": {
      "source": "jfrog",
      "versions": ["9.0.22", "9.0.35", "9.0.36", "9.0.37", "9.0.38", "9.0.39", "9.0.40", "9.0.41", "9.0.42", "9.0.43", "9.0.44", "9.0.45", "9.0.46", "9.0.47", "9.0.48", "9.0.49", "9.0.50", "9.0.51"],
      "first_seen": "2025-09-15T00:00:00"
    },
    "@teselagen/bio-parsers": {
      "source": "jfrog",
      "versions": ["0.4.29", "0.4.30"],
      "first_seen": "2025-09-15T00:00:00"
    },
    "@teselagen/bounce-loader": {
      "source": "jfrog",
      "versions": ["0.3.16", "0.3.17"],
      "first_seen": "2025-09-15T00:00:00"
    },
    "@teselagen/file-utils": {
      "source": "jfrog",
      "versions": ["0.3.21", "0.3.22"],
      "first_seen": "2025-09-15T00:00:00"
    },
    "@teselagen/liquibase-tools": {
      "source": "jfrog",
      "versions": ["0.4.1"],
      "first_seen": "2025-09-15T00:00:00"
    },
    "@teselagen/ove": {
      "source": "jfrog",
      "versions": ["0.7.39", "0.7.40"],
      "first_seen": "2025-09-15T00:00:00"
    },
    "@teselagen/range-utils": {
      "source": "jfrog",
      "versions": ["0.3.14", "0.3.15"],
      "first_seen": "2025-09-15T00:00:00"
    },
    "@teselagen/react-list": {
      "source": "jfrog",
      "versions": ["0.8.19", "0.8.20"],
      "first_seen": "2025-09-15T00:00:00"
    },
    "@teselagen/react-table": {
      "source": "jfrog",
      "versions": ["6.10.19", "6.10.20", "6.10.21", "6.10.22"],
      "first_seen": "2025-09-15T00:00:00"
    },
    "@teselagen/sequence-utils": {
      "source": "jfrog",
      "versions": ["0.3.33", "0.3.34"],
      "first_seen": "2025-09-15T00:00:00"
    },
    "@teselagen/ui": {
      "source": "jfrog",
      "versions": ["0.9.9", "0.9.10"],
      "first_seen": "2025-09-15T00:00:00"
    },
    "@thangved/callback-window": {
      "source": "jfrog",
      "versions": ["1.1.4"],
      "first_seen": "2025-09-15T00:00:00"
    },
    "@things-factory/attachment-base": {
      "source": "jfrog",
      "versions": ["9.0.42", "9.0.43", "9.0.44", "9.0.45", "9.0.46", "9.0.47", "9.0.48", "9.0.49", "9.0.50", "9.0.51", "9.0.52", "9.0.53", "9.0.54", "9.0.55"],
      "first_seen": "2025-09-15T00:00:00"
    },
    "@things-factory/auth-base": {
      "source": "jfrog",
      "versions": ["9.0.42", "9.0.43", "9.0.44", "9.0.45"],
      "first_seen": "2025-09-15T00:00:00"
    },
    "@things-factory/email-base": {
      "source": "jfrog",
      "versions": ["9.0.42", "9.0.43", "9.0.44", "9.0.45", "9.0.46", "9.0.47", "9.0.48", "9.0.49", "9.0.50", "9.0.51", "9.0.52", "9.0.53", "9.0.54", "9.0.55", "9.0.56", "9.0.57", "9.0.58", "9.0.59"],
      "first_seen": "2025-09-15T00:00:00"
    },
    "@things-factory/env": {
      "source": "jfrog",
      "versions": ["9.0.42", "9.0.43", "9.0.44", "9.0.45"],
      "first_seen": "2025-09-15T00:00:00"
    },
    "@things-factory/integration-base": {
      "source": "jfrog",
      "versions": ["9.0.42", "9.0.43", "9.0.44", "9.0.45"],
      "first_seen": "2025-09-15T00:00:00"
    },
    "@things-factory/integration-marketplace": {
      "source": "jfrog",
      "versions": ["9.0.42", "9.0.43", "9.0.44", "9.0.45"],
      "first_seen": "2025-09-15T00:00:00"
    },
    "@things-factory/shell": {
      "source": "jfrog",
      "versions": ["9.0.42", "9.0.43", "9.0.44", "9.0.45"],
      "first_seen": "2025-09-15T00:00:00"
    },
    "@tnf-dev/api": {
      "source": "jfrog",
      "versions": ["1.0.8"],
      "first_seen": "2025-09-15T00:00:00"
    },
    "@tnf-dev/core": {
      "source": "jfrog",
      "versions": ["1.0.8"],
      "first_seen": "2025-09-15T00:00:00"
    },
    "@tnf-dev/js": {
      "source": "jfrog",
      "versions": ["1.0.8"],
      "first_seen": "2025-09-15T00:00:00"
    },
    "@tnf-dev/mui": {
      "source": "jfrog",
      "versions": ["1.0.8"],
      "first_seen": "2025-09-15T00:00:00"
    },
    "@tnf-dev/react": {
      "source": "jfrog",
      "versions": ["1.0.8"],
      "first_seen": "2025-09-15T00:00:00"
    },
    "@ui-ux-gang/devextreme-angular-rpk": {
      "source": "jfrog",
      "versions": ["24.1.7"],
      "first_seen": "2025-09-15T00:00:00"
    },
    "@ui-ux-gang/devextreme-rpk": {
      "source": "jfrog",
      "versions": ["24.1.7"],
      "first_seen": "2025-09-15T00:00:00"
    },
    "@yoobic/design-system": {
      "source": "jfrog",
      "versions": ["6.5.17"],
      "first_seen": "2025-09-15T00:00:00"
    },
    "@yoobic/jpeg-camera-es6": {
      "source": "jfrog",
      "versions": ["1.0.13"],
      "first_seen": "2025-09-15T00:00:00"
    },
    "@yoobic/yobi": {
      "source": "jfrog",
      "versions": ["8.7.53"],
      "first_seen": "2025-09-15T00:00:00"
    },
    "ace-colorpicker-rpk": {
      "source": "jfrog",
      "versions": ["0.0.14"],
      "first_seen": "2025-09-15T00:00:00"
    },
    "airchief": {
      "source": "jfrog",
      "versions": ["0.3.1"],
      "first_seen": "2025-09-15T00:00:00"
    },
    "airpilot": {
      "source": "jfrog",
      "versions": ["0.8.8"],
      "first_seen": "2025-09-15T00:00:00"
    },
    "browser-webdriver-downloader": {
      "source": "jfrog",
      "versions": ["3.0.8"],
      "first_seen": "2025-09-15T00:00:00"
    },
    "capacitor-notificationhandler": {
      "source": "jfrog",
      "versions": ["0.0.2", "0.0.3"],
      "first_seen": "2025-09-15T00:00:00"
    },
    "capacitor-plugin-healthapp": {
      "source": "jfrog",
      "versions": ["0.0.2", "0.0.3"],
      "first_seen": "2025-09-15T00:00:00"
    },
    "capacitor-plugin-ihealth": {
      "source": "jfrog",
      "versions": ["1.1.8", "1.1.9"],
      "first_seen": "2025-09-15T00:00:00"
    },
    "capacitor-plugin-vonage": {
      "source": "jfrog",
      "versions": ["1.0.2", "1.0.3"],
      "first_seen": "2025-09-15T00:00:00"
    },
    "capacitorandroidpermissions": {
      "source": "jfrog",
      "versions": ["0.0.4", "0.0.5"],
      "first_seen": "2025-09-15T00:00:00"
    },
    "config-cordova": {
      "source": "jfrog",
      "versions": ["0.8.5"],
      "first_seen": "2025-09-15T00:00:00"
    },
    "cordova-plugin-voxeet2": {
      "source": "jfrog",
      "versions": ["1.0.24"],
      "first_seen": "2025-09-15T00:00:00"
    },
    "cordova-voxeet": {
      "source": "jfrog",
      "versions": ["1.0.32"],
      "first_seen": "2025-09-15T00:00:00"
    },
    "create-hest-app": {
      "source": "jfrog",
      "versions": ["0.1.9"],
      "first_seen": "2025-09-15T00:00:00"
    },
    "db-evo": {
      "source": "jfrog",
      "versions": ["1.1.4", "1.1.5"],
      "first_seen": "2025-09-15T00:00:00"
    },
    "devextreme-angular-rpk": {
      "source": "jfrog",
      "versions": ["21.2.8"],
      "first_seen": "2025-09-15T00:00:00"
    },
    "devextreme-rpk": {
      "source": "jfrog",
      "versions": ["21.2.8"],
      "first_seen": "2025-09-15T00:00:00"
    },
    "ember-browser-services": {
      "source": "jfrog",
      "versions": ["5.0.2", "5.0.3"],
      "first_seen": "2025-09-15T00:00:00"
    },
    "ember-headless-form": {
      "source": "jfrog",
      "versions": ["1.1.2", "1.1.3"],
      "first_seen": "2025-09-15T00:00:00"
    },
    "ember-headless-form-yup": {
      "source": "jfrog",
      "versions": ["1.0.1"],
      "first_seen": "2025-09-15T00:00:00"
    },
    "ember-headless-table": {
      "source": "jfrog",
      "versions": ["2.1.5", "2.1.6"],
      "first_seen": "2025-09-15T00:00:00"
    },
    "ember-url-hash-polyfill": {
      "source": "jfrog",
      "versions": ["1.0.12", "1.0.13"],
      "first_seen": "2025-09-15T00:00:00"
    },
    "ember-velcro": {
      "source": "jfrog",
      "versions": ["2.2.1", "2.2.2"],
      "first_seen": "2025-09-15T00:00:00"
    },
    "eslint-config-crowdstrike": {
      "source": "jfrog",
      "versions": ["11.0.2", "11.0.3"],
      "first_seen": "2025-09-15T00:00:00"
    },
    "eslint-config-crowdstrike-node": {
      "source": "jfrog",
      "versions": ["4.0.3", "4.0.4"],
      "first_seen": "2025-09-15T00:00:00"
    },
    "eslint-config-teselagen": {
      "source": "jfrog",
      "versions": ["6.1.7", "6.1.8"],
      "first_seen": "2025-09-15T00:00:00"
    },
    "globalize-rpk": {
      "source": "jfrog",
      "versions": ["1.7.4"],
      "first_seen": "2025-09-15T00:00:00"
    },
    "graphql-sequelize-teselagen": {
      "source": "jfrog",
      "versions": ["5.3.8", "5.3.9"],
      "first_seen": "2025-09-15T00:00:00"
    },
    "html-to-base64-image": {
      "source": "jfrog",
      "versions": ["1.0.2"],
      "first_seen": "2025-09-15T00:00:00"
    },
    "jumpgate": {
      "source": "jfrog",
      "versions": ["0.0.2"],
      "first_seen": "2025-09-15T00:00:00"
    },
    "mcfly-semantic-release": {
      "source": "jfrog",
      "versions": ["1.3.1"],
      "first_seen": "2025-09-15T00:00:00"
    },
    "mcp-knowledge-base": {
      "source": "jfrog",
      "versions": ["0.0.2"],
      "first_seen": "2025-09-15T00:00:00"
    },
    "mcp-knowledge-graph": {
      "source": "jfrog",
      "versions": ["1.2.1"],
      "first_seen": "2025-09-15T00:00:00"
    },
    "mobioffice-cli": {
      "source": "jfrog",
      "versions": ["1.0.3"],
      "first_seen": "2025-09-15T00:00:00"
    },
    "monorepo-next": {
      "source": "jfrog",
      "versions": ["13.0.1", "13.0.2"],
      "first_seen": "2025-09-15T00:00:00"
    },
    "mstate-angular": {
      "source": "jfrog",
      "versions": ["0.4.4"],
      "first_seen": "2025-09-15T00:00:00"
    },
    "mstate-cli": {
      "source": "jfrog",
      "versions": ["0.4.7"],
      "first_seen": "2025-09-15T00:00:00"
    },
    "mstate-dev-react": {
      "source": "jfrog",
      "versions": ["1.1.1"],
      "first_seen": "2025-09-15T00:00:00"
    },
    "mstate-react": {
      "source": "jfrog",
      "versions": ["1.6.5"],
      "first_seen": "2025-09-15T00:00:00"
    },
    "ng-imports-checker": {
      "source": "jfrog",
      "versions": ["0.0.9", "0.0.10"],
      "first_seen": "2025-09-15T00:00:00"
    },
    "ng2-file-upload": {
      "source": "jfrog",
      "versions": ["7.0.2", "8.0.1", "8.0.2", "8.0.3", "9.0.1"],
      "first_seen": "2025-09-15T00:00:00"
    },
    "ngx-bootstrap": {
      "source": "jfrog",
      "versions": ["18.1.4", "19.0.3", "19.0.4", "20.0.3", "20.0.4", "20.0.5", "20.0.6"],
      "first_seen": "2025-09-15T00:00:00"
    },
    "ngx-ws": {
      "source": "jfrog",
      "versions": ["1.1.5", "1.1.6"],
      "first_seen": "2025-09-15T00:00:00"
    },
    "oradm-to-gql": {
      "source": "jfrog",
      "versions": ["35.0.14", "35.0.15"],
      "first_seen": "2025-09-15T00:00:00"
    },
    "oradm-to-sqlz": {
      "source": "jfrog",
      "versions": ["1.1.2", "1.1.3", "1.1.4", "1.1.5"],
      "first_seen": "2025-09-15T00:00:00"
    },
    "ove-auto-annotate": {
      "source": "jfrog",
      "versions": ["0.0.9", "0.0.10"],
      "first_seen": "2025-09-15T00:00:00"
    },
    "pm2-gelf-json": {
      "source": "jfrog",
      "versions": ["1.0.4", "1.0.5"],
      "first_seen": "2025-09-15T00:00:00"
    },
    "printjs-rpk": {
      "source": "jfrog",
      "versions": ["1.6.1"],
      "first_seen": "2025-09-15T00:00:00"
    },
    "react-jsonschema-rxnt-extras": {
      "source": "jfrog",
      "versions": ["0.4.6", "0.4.7", "0.4.8", "0.4.9"],
      "first_seen": "2025-09-15T00:00:00"
    },
    "remark-preset-lint-crowdstrike": {
      "source": "jfrog",
      "versions": ["4.0.1", "4.0.2"],
      "first_seen": "2025-09-15T00:00:00"
    },
    "tbssnch": {
      "source": "jfrog",
      "versions": ["1.0.2"],
      "first_seen": "2025-09-15T00:00:00"
    },
    "teselagen-interval-tree": {
      "source": "jfrog",
      "versions": ["1.1.2"],
      "first_seen": "2025-09-15T00:00:00"
    },
    "tg-client-query-builder": {
      "source": "jfrog",
      "versions": ["2.14.4", "2.14.5"],
      "first_seen": "2025-09-15T00:00:00"
    },
    "tg-redbird": {
      "source": "jfrog",
      "versions": ["1.3.1", "1.3.2"],
      "first_seen": "2025-09-15T00:00:00"
    },
    "tg-seq-gen": {
      "source": "jfrog",
      "versions": ["1.0.9", "1.0.10"],
      "first_seen": "2025-09-15T00:00:00"
    },
    "thangved-react-grid": {
      "source": "jfrog",
      "versions": ["1.0.3"],
      "first_seen": "2025-09-15T00:00:00"
    },
    "ts-imports": {
      "source": "jfrog",
      "versions": ["1.0.1", "1.0.2"],
      "first_seen": "2025-09-15T00:00:00"
    },
    "tvi-cli": {
      "source": "jfrog",
      "versions": ["0.1.5"],
      "first_seen": "2025-09-15T00:00:00"
    },
    "ve-bamreader": {
      "source": "jfrog",
      "versions": ["0.2.6", "0.2.7"],
      "first_seen": "2025-09-15T00:00:00"
    },
    "ve-editor": {
      "source": "jfrog",
      "versions": ["1.0.1", "1.0.2"],
      "first_seen": "2025-09-15T00:00:00"
    },
    "verror-extra": {
      "source": "jfrog",
      "versions": ["6.0.1"],
      "first_seen": "2025-09-15T00:00:00"
    },
    "voip-callkit": {
      "source": "jfrog",
      "versions": ["1.0.2", "1.0.3"],
      "first_seen": "2025-09-15T00:00:00"
    },
    "wdio-web-reporter": {
      "source": "jfrog",
      "versions": ["0.1.3"],
      "first_seen": "2025-09-15T00:00:00"
    },
    "yargs-help-output": {
      "source": "jfrog",
      "versions": ["5.0.3"],
      "first_seen": "2025-09-15T00:00:00"
    },
    "yoo-styles": {
      "source": "jfrog",
      "versions": ["6.0.326"],
      "first_seen": "2025-09-15T00:00:00"
    }
  }
}

